공통,공통
SKT,ICT유/무선인프라
SKT,ICT Service Planing
SKT,Developer
SK하이닉스,소자/설계/양산/기술
SK하이닉스,제품.서비스영업
SK하이닉스,재무·마케팅·기획
SK하이닉스,IT
마이다스IT,IT/인터넷
마이다스IT,SW개발/웹개발
마이다스IT,마케팅/기획
마이다스IT,IT·솔루션·기술영업
마이다스IT,총무
마이다스IT,인사
포스코,공통
포스코,생산기술/인턴
포스코,생산기술/제조/설비
포스코,생산관리/품질관리
포스코,AI/Bigdata
포스코,구매
포스코,마케팅/인사
현대자동차,공통
현대자동차,생산관리/공정관리/품질관리
현대자동차,영업관리/지원/영업기획
현대자동차,SW개발
현대자동차,플랜트
현대자동차,연구개발
현대자동차,구매
현대자동차,자동차정비
한화시스템,공통
한화시스템,기구설계
한화시스템,응용프로그래머/SW
한화시스템,회로개발
한화시스템,품질
한화시스템,기획/전략/영업
S-OIL, 생산/공정/품질관리
S-OIL,영업/마케팅
S-OIL,엔지니어/설비기술
롯데쇼핑,마케팅/광고분석
롯데쇼핑,MD
롯데쇼핑,빅데이터/AI
롯데쇼핑,웹기획/PM
롯데쇼핑,영업관리
롯데쇼핑,경영지원
GS리테일,영업관리/지원/영업기획
KT,네트워크기술
KT,Biz영업
KT,웹기획/PM
KT,기획/전략/경영
KT,유통채널관리
KT,IT/SW솔루션개발
카카오,빅데이터/AI(인공지능)
카카오,고객상담/인바운드
카카오,기획/전략/경영
카카오,인사/노무/교육
카카오,리서치/통계/설문
카카오,IT/인터넷
카카오,디자인
라인플러스,기획/전략/경영
라인플러스,인사/노무/교육
라인플러스,기획
라인플러스,개발
LG,R&D(연구개발)
LG,해외영업
LG,기계/기구설계
LG,생산/제조
LG,IT/인터넷
LG,영업/고객상담
LG,디자인
LG,기획·전략·경영
LG,전기·전자·제어
LG,자동차/조선/기계
LG,반도체·디스플레이
LG,재무/세무/IR
LG,제품/서비스영업
LG,응용프로그래머
삼성전자,반도체·디스플레이
삼성전자,생산관리·공정관리·품질관리
삼성전자,기계설계·CAD·CAM
삼성전자,마케팅·광고·분석
삼성전자,생산·제조·설비·조립
삼성전자,전기·전자·제어
삼성전자,제품·서비스영업
삼성전자,소프트웨어
삼성SDS,IT/인터넷
삼성SDS,웹프로그래머
삼성SDS,서비스
삼성SDS,컨설팅